"name","category_id","path"
"Sobrante Vendedor",7,"app-contratos/5032670-20170112130823.pdf"
"Popular \"De Show\" - 04/2016",27,"app-contratos/2332366-20160510171950.pdf"
"CPG Comercial - 04/2016",27,"app-contratos/2316731-20160404181820.pdf"
"Option Package",29,"app-contratos/2332366-20160730194443.pdf"
"3. Option to Purchase Agreement",29,"app-contratos/2332366-20160728030644.pdf"
"4.  Authorization to Release Information",29,"app-contratos/2332366-20160728030733.pdf"
"5. Exclusive Sale Authorization Addendum",29,"app-contratos/2332366-20160728030822.pdf"
"Letterhead Reality",25,"app-contratos/2332366-20160730193114.pdf"
"Dakota Services - 05/2016",27,"app-contratos/2332366-20160510182530.pdf"
"BL Investment - 01/2016",27,"app-contratos/2316731-20160201134746.pdf"
"First bank - 01/2016",27,""
"Scotiabank - 01/2016",27,"app-contratos/2316731-20160113213422.pdf"
"CPG Renta Comercial - 01/2016",27,"app-contratos/2332366-20160105020244.pdf"
"Aurora Comercial - 12/2015",27,"app-contratos/2316731-20151218140400.pdf"
"6. Cash Sale Addendum",29,"app-contratos/2332366-20160730193651.pdf"
"2. Sobrante del Vendedor-Fillable",7,"app-contratos/2332366-20151215234136.pdf"
"7. As Is Addendum",29,"app-contratos/2332366-20160730193730.pdf"
"1. Showing Report",29,"app-contratos/2332366-20160728030457.pdf"
"4.Aut. Divulgacion Info-Fillable",8,"app-contratos/2316731-20151209213837.pdf"
"3.Contrato-Fillable",8,"app-contratos/2316731-20151209213747.pdf"
"2.Hoja Precualificacion-Fillable",8,"app-contratos/2316731-20151209213706.pdf"
"1.Informe Visita-Fillable",8,"app-contratos/2316731-20151209213634.pdf"
"Addendum Aut. de Venta-Fillable",7,"app-contratos/2316731-20151214153148.pdf"
"2. Prequalification Sheet",29,"app-contratos/2332366-20160728030551.pdf"
"9.Hoja de Mercadeo-Fillable",7,"app-contratos/2316731-20151209163807.pdf"
"8.Hoja Divulgacion Plomo-Fillable",7,"app-contratos/2316731-20151209163728.pdf"
"7.Inf. Sobre Vendedores-Fillable",7,"app-contratos/2316731-20151209163642.pdf"
"4.Divulgacion Cond. Prop-Fillable",7,"app-contratos/2316731-20151209163409.pdf"
"Aurora Residencial - 12/2015",27,"app-contratos/2316731-20151218140334.pdf"
"3.Aut. Venta-Fillable",7,"app-contratos/2316731-20151209154442.pdf"
"1.CMA-Fillable",7,"app-contratos/2316731-20151209154152.pdf"
"Hoja de Inspeccion BPPR",22,"app-contratos/2316731-20151208191226.pdf"
"Adm de Arrendamiento",9,"app-contratos/2316731-20151208190121.pdf"
"Solicitud de Alquiler",9,"app-contratos/2316731-20151208190047.pdf"
"Forma para ejecutivos de cuenta",11,"app-contratos/2316731-20151208185949.pdf"
"Acuerdo de Referido",11,"app-contratos/2316731-20151208185925.pdf"
"Informe de Visita",9,"app-contratos/2316731-20151208185859.pdf"
"Informacion Vendedores y Propiedad",9,"app-contratos/2316731-20151208185802.pdf"
"Aut. Informacion Credito",9,"app-contratos/2316731-20151208185724.pdf"
"Divulgacion Condiciones Propiedad",9,"app-contratos/2316731-20151208185612.pdf"
"Auto de Credito-Arrendamiento",9,"app-contratos/2316731-20151208185515.pdf"
"Autorizacion de Arrendamiento",9,"app-contratos/2316731-20151208185440.pdf"
"Acuerdo de Co Broke",10,"app-contratos/2390-20151020215052.pdf"
"Folleto Proteja a Su Familia del Plomo(Ing)",10,""
"Folleto Proteja a su Familia del Plomo(Esp)",10,"app-contratos/2390-20150804174104.pdf"
"Check Request Escrow",11,"app-contratos/2390-20150804173521.pdf"
"Transferencia de Opcion",11,"app-contratos/2390-20150804171320.pdf"
"Addendum Aut. Venta Exclusiva",12,"app-contratos/2390-20150804170728.pdf"
"8.Hoja Divulgacion Pintura Plomo",12,"app-contratos/2390-20150804170607.pdf"
"7.Inf. sobre Vendedores y Propiedad",12,"app-contratos/2390-20150804170147.pdf"
"4.Divulgacion Cond. de la Propiedad",12,"app-contratos/2390-20150804170051.pdf"
"3.Aut. de Venta Exclusiva",12,"app-contratos/2390-20150804170029.pdf"
"9.Hoja de Mercadeo",12,"app-contratos/2390-20150804170005.pdf"
"Package de Opcion Completo",8,"app-contratos/2390-20150804165835.pdf"
"5.Addendun Contrato de Opcion",8,"app-contratos/2390-20150804165808.pdf"
"4.Aut. Divulgacion de Informacion",8,"app-contratos/2390-20150804165741.pdf"
"2.Hoja de Precualificacion",8,"app-contratos/2390-20150804165704.pdf"
"6.Addendum Venta en Efectivo",8,"app-contratos/2390-20150804165629.pdf"
"7.Addendum As Is",8,"app-contratos/2390-20150804165412.pdf"
"5.Balance Cancelacion-Fillable",7,"app-contratos/2316731-20151209163549.pdf"
"6.CRIM-Fillable",7,"app-contratos/2316731-20151209163605.pdf"
"3.Contrato",8,"app-contratos/2390-20150804164343.pdf"
"5.Balance Cancelacion",12,"app-contratos/2390-20150804164145.pdf"
"2.Sobrante Vendedor",12,"app-contratos/2390-20150804164126.pdf"
"9.Hoja de Mercadeo",7,"app-contratos/2390-20150804162434.pdf"
"Addendum Aut. Venta Exc.",7,"app-contratos/2390-20150804163022.pdf"
"1.CMA",7,"app-contratos/2390-20150804163631.pdf"
"2. Sobrante del Vendedor",7,"app-contratos/2390-20150804163647.pdf"
"Package de Listado Completo",7,"app-contratos/2390-20150804163715.pdf"
"1.Informe de Visita",8,"app-contratos/2390-20150804163742.pdf"
"6.CRIM",12,"app-contratos/2390-20150804170318.pdf"
"1.CMA",12,"app-contratos/2390-20150804164106.pdf"
"3.Aut. de Venta Excl.",7,"app-contratos/2390-20150804162201.pdf"
"4.Divul. Cond. de la Propiedad",7,"app-contratos/2390-20150804162226.pdf"
"5.Balance de Cancelacion",7,"app-contratos/2390-20150804162312.pdf"
"6.CRIM",7,"app-contratos/2390-20150804162329.pdf"
"7.Inf. Vendedores y Propiedad",7,"app-contratos/2390-20150804162351.pdf"
"8.Hoja Divulgacion Plomo",7,"app-contratos/2390-20150804162414.pdf"
